"prescription_unique","drugs","drugs_cat","doses","doses_cat","prescription_cat","drugs_family"
"Captopril10","Captopril",1,"10",1,1.1,"ACEI"
"Captopril21","Captopril",1,"21",3,1.3,"ACEI"
"Captopril39","Captopril",1,"39",4,1.4,"ACEI"
"Captopril42","Captopril",1,"42",6,1.6,"ACEI"
"Captopril63","Captopril",1,"63",7,1.7,"ACEI"
"Captopril10Ramipril22","Captopril,Ramipril",2,"10,22",2,2.2,"ACEI"
"Captopril39Ramipril9","Captopril,Ramipril",2,"39,9",5,2.5,"ACEI"
"Captopril63Ramipril9","Captopril,Ramipril",2,"63,9",8,2.8,"ACEI"
"Enalapril22","Enalapril",3,"22",16,3.16,"ACEI"
"Enalapril34","Enalapril",3,"34",18,3.18,"ACEI"
"Enalapril36","Enalapril",3,"36",19,3.19,"ACEI"
"Enalapril38","Enalapril",3,"38",21,3.21,"ACEI"
"Enalapril4","Enalapril",3,"4",26,3.26,"ACEI"
"Enalapril58","Enalapril",3,"58",28,3.28,"ACEI"
"Enalapril76","Enalapril",3,"76",29,3.29,"ACEI"
"Enalapril18","Enalapril",3,"18",9,3.9,"ACEI"
"Enalapril18Perindopril34","Enalapril,Perindopril",4,"18,34",10,4.1,"ACEI"
"Enalapril18Ramipril38","Enalapril,Ramipril",5,"18,38",11,5.11,"ACEI"
"Enalapril18Ramipril9","Enalapril,Ramipril",5,"18,9",12,5.12,"ACEI"
"Enalapril38Ramipril9","Enalapril,Ramipril",5,"38,9",22,5.22,"ACEI"
"Enalapril18Verapamil15","Enalapril,Verapamil",6,"18,15",13,6.13,"ACEI"
"Enalapril18Verapamil20","Enalapril,Verapamil",6,"18,20",14,6.14,"ACEI"
"Enalapril18Verapamil7","Enalapril,Verapamil",6,"18,7",15,6.15,"ACEI"
"Enalapril36Verapamil7","Enalapril,Verapamil",6,"36,7",20,6.2,"ACEI"
"Enalapril38Verapamil16","Enalapril,Verapamil",6,"38,16",23,6.23,"ACEI"
"Enalapril38Verapamil20","Enalapril,Verapamil",6,"38,20",24,6.24,"ACEI"
"Enalapril38Verapamil7","Enalapril,Verapamil",6,"38,7",25,6.25,"ACEI"
"Enalapril22Lisinopril4","Enalapril,Lisinopril",7,"22,4",17,7.17,"ACEI"
"Enalapril4Lisinopril4","Enalapril,Lisinopril",7,"4,4",27,7.27,"ACEI"
"Fosinopril4","Fosinopril",8,"4",26,8.26,"ACEI"
"Fosinopril18","Fosinopril",8,"18",9,8.9,"ACEI"
"Fosinopril4Lisinopril4","Fosinopril,Lisinopril",9,"4,4",27,9.27,"ACEI"
"Fosinopril4Lisinopril18","Fosinopril,Lisinopril",9,"4,18",30,9.3,"ACEI"
"Fosinopril4Lisinopril22","Fosinopril,Lisinopril",9,"4,22",31,9.31,"ACEI"
"Fosinopril4Ramipril9","Fosinopril,Ramipril",10,"4,9",32,10.32,"ACEI"
"Fosinopril4Verapamil20","Fosinopril,Verapamil",11,"4,20",33,11.33,"ACEI"
"Fosinopril4Verapamil7","Fosinopril,Verapamil",11,"4,7",34,11.34,"ACEI"
"Imidapril4","Imidapril",12,"4",26,12.26,"ACEI"
"Lisinopril22","Lisinopril",13,"22",16,13.16,"ACEI"
"Lisinopril36","Lisinopril",13,"36",19,13.19,"ACEI"
"Lisinopril38","Lisinopril",13,"38",21,13.21,"ACEI"
"Lisinopril4","Lisinopril",13,"4",26,13.26,"ACEI"
"Lisinopril76","Lisinopril",13,"76",29,13.29,"ACEI"
"Lisinopril110","Lisinopril",13,"110",35,13.35,"ACEI"
"Lisinopril12","Lisinopril",13,"12",36,13.36,"ACEI"
"Lisinopril19","Lisinopril",13,"19",43,13.43,"ACEI"
"Lisinopril2","Lisinopril",13,"2",44,13.44,"ACEI"
"Lisinopril24","Lisinopril",13,"24",50,13.5,"ACEI"
"Lisinopril27","Lisinopril",13,"27",51,13.51,"ACEI"
"Lisinopril33","Lisinopril",13,"33",52,13.52,"ACEI"
"Lisinopril43","Lisinopril",13,"43",61,13.61,"ACEI"
"Lisinopril44","Lisinopril",13,"44",62,13.62,"ACEI"
"Lisinopril52","Lisinopril",13,"52",72,13.72,"ACEI"
"Lisinopril54","Lisinopril",13,"54",73,13.73,"ACEI"
"Lisinopril6","Lisinopril",13,"6",74,13.74,"ACEI"
"Lisinopril66","Lisinopril",13,"66",75,13.75,"ACEI"
"Lisinopril68","Lisinopril",13,"68",76,13.76,"ACEI"
"Lisinopril72","Lisinopril",13,"72",77,13.77,"ACEI"
"Lisinopril8","Lisinopril",13,"8",78,13.78,"ACEI"
"Lisinopril85","Lisinopril",13,"85",79,13.79,"ACEI"
"Lisinopril9","Lisinopril",13,"9",83,13.83,"ACEI"
"Lisinopril18","Lisinopril",13,"18",9,13.9,"ACEI"
"Lisinopril18Verapamil20","Lisinopril,Verapamil",14,"18,20",14,14.14,"ACEI"
"Lisinopril18Verapamil7","Lisinopril,Verapamil",14,"18,7",15,14.15,"ACEI"
"Lisinopril36Verapamil7","Lisinopril,Verapamil",14,"36,7",20,14.2,"ACEI"
"Lisinopril38Verapamil20","Lisinopril,Verapamil",14,"38,20",24,14.24,"ACEI"
"Lisinopril38Verapamil7","Lisinopril,Verapamil",14,"38,7",25,14.25,"ACEI"
"Lisinopril4Verapamil20","Lisinopril,Verapamil",14,"4,20",33,14.33,"ACEI"
"Lisinopril4Verapamil7","Lisinopril,Verapamil",14,"4,7",34,14.34,"ACEI"
"Lisinopril12Verapamil14","Lisinopril,Verapamil",14,"12,14",37,14.37,"ACEI"
"Lisinopril18Verapamil110","Lisinopril,Verapamil",14,"18,110",39,14.39,"ACEI"
"Lisinopril18Verapamil16","Lisinopril,Verapamil",14,"18,16",40,14.4,"ACEI"
"Lisinopril18Verapamil160","Lisinopril,Verapamil",14,"18,160",41,14.41,"ACEI"
"Lisinopril18Verapamil53","Lisinopril,Verapamil",14,"18,53",42,14.42,"ACEI"
"Lisinopril22Verapamil16","Lisinopril,Verapamil",14,"22,16",47,14.47,"ACEI"
"Lisinopril22Verapamil160","Lisinopril,Verapamil",14,"22,160",48,14.48,"ACEI"
"Lisinopril22Verapamil20","Lisinopril,Verapamil",14,"22,20",49,14.49,"ACEI"
"Lisinopril36Verapamil16","Lisinopril,Verapamil",14,"36,16",54,14.54,"ACEI"
"Lisinopril36Verapamil20","Lisinopril,Verapamil",14,"36,20",55,14.55,"ACEI"
"Lisinopril36Verapamil53","Lisinopril,Verapamil",14,"36,53",56,14.56,"ACEI"
"Lisinopril38Verapamil110","Lisinopril,Verapamil",14,"38,110",58,14.58,"ACEI"
"Lisinopril38Verapamil14","Lisinopril,Verapamil",14,"38,14",59,14.59,"ACEI"
"Lisinopril38Verapamil160","Lisinopril,Verapamil",14,"38,160",60,14.6,"ACEI"
"Lisinopril4Verapamil110","Lisinopril,Verapamil",14,"4,110",67,14.67,"ACEI"
"Lisinopril4Verapamil16","Lisinopril,Verapamil",14,"4,16",68,14.68,"ACEI"
"Lisinopril4Verapamil160","Lisinopril,Verapamil",14,"4,160",69,14.69,"ACEI"
"Lisinopril4Verapamil32","Lisinopril,Verapamil",14,"4,32",70,14.7,"ACEI"
"Lisinopril4Verapamil35","Lisinopril,Verapamil",14,"4,35",71,14.71,"ACEI"
"Lisinopril8Verapamil14","Lisinopril,Verapamil",14,"8,14",80,14.8,"ACEI"
"Lisinopril8Verapamil160","Lisinopril,Verapamil",14,"8,160",81,14.81,"ACEI"
"Lisinopril8Verapamil20","Lisinopril,Verapamil",14,"8,20",82,14.82,"ACEI"
"Lisinopril18Perindopril52","Lisinopril,Perindopril",15,"18,52",38,15.38,"ACEI"
"Lisinopril22Perindopril17","Lisinopril,Perindopril",15,"22,17",45,15.45,"ACEI"
"Lisinopril38Perindopril17","Lisinopril,Perindopril",15,"38,17",57,15.57,"ACEI"
"Lisinopril4Perindopril17","Lisinopril,Perindopril",15,"4,17",63,15.63,"ACEI"
"Lisinopril18Ramipril9","Lisinopril,Ramipril",16,"18,9",12,16.12,"ACEI"
"Lisinopril38Ramipril9","Lisinopril,Ramipril",16,"38,9",22,16.22,"ACEI"
"Lisinopril4Ramipril4","Lisinopril,Ramipril",16,"4,4",27,16.27,"ACEI"
"Lisinopril4Ramipril18","Lisinopril,Ramipril",16,"4,18",30,16.3,"ACEI"
"Lisinopril4Ramipril22","Lisinopril,Ramipril",16,"4,22",31,16.31,"ACEI"
"Lisinopril4Ramipril9","Lisinopril,Ramipril",16,"4,9",32,16.32,"ACEI"
"Lisinopril22Ramipril9","Lisinopril,Ramipril",16,"22,9",46,16.46,"ACEI"
"Lisinopril36Ramipril9","Lisinopril,Ramipril",16,"36,9",53,16.53,"ACEI"
"Lisinopril4Ramipril38","Lisinopril,Ramipril",16,"4,38",65,16.65,"ACEI"
"Lisinopril4Ramipril22Verapamil20","Lisinopril,Ramipril,Verapamil",17,"4,22,20",64,17.64,"ACEI"
"Lisinopril4Ramipril4Verapamil20","Lisinopril,Ramipril,Verapamil",17,"4,4,20",66,17.66,"ACEI"
"Perindopril67","Perindopril",18,"67",101,18.101,"ACEI"
"Perindopril22","Perindopril",18,"22",16,18.16,"ACEI"
"Perindopril34","Perindopril",18,"34",18,18.18,"ACEI"
"Perindopril38","Perindopril",18,"38",21,18.21,"ACEI"
"Perindopril4","Perindopril",18,"4",26,18.26,"ACEI"
"Perindopril33","Perindopril",18,"33",52,18.52,"ACEI"
"Perindopril52","Perindopril",18,"52",72,18.72,"ACEI"
"Perindopril68","Perindopril",18,"68",76,18.76,"ACEI"
"Perindopril100","Perindopril",18,"100",84,18.84,"ACEI"
"Perindopril17","Perindopril",18,"17",85,18.85,"ACEI"
"Perindopril51","Perindopril",18,"51",96,18.96,"ACEI"
"Perindopril17Quinapril38","Perindopril,Quinapril",19,"17,38",86,19.86,"ACEI"
"Perindopril22Ramipril9","Perindopril,Ramipril",20,"22,9",46,20.46,"ACEI"
"Perindopril17Ramipril22","Perindopril,Ramipril",20,"17,22",87,20.87,"ACEI"
"Perindopril17Ramipril4","Perindopril,Ramipril",20,"17,4",88,20.88,"ACEI"
"Perindopril17Ramipril9","Perindopril,Ramipril",20,"17,9",89,20.89,"ACEI"
"Perindopril34Ramipril18","Perindopril,Ramipril",20,"34,18",91,20.91,"ACEI"
"Perindopril34Ramipril9","Perindopril,Ramipril",20,"34,9",92,20.92,"ACEI"
"Perindopril52Ramipril9","Perindopril,Ramipril",20,"52,9",97,20.97,"ACEI"
"Perindopril52Verapamil7","Perindopril,Verapamil",21,"52,7",100,21.1,"ACEI"
"Perindopril17Verapamil21","Perindopril,Verapamil",21,"17,21",90,21.9,"ACEI"
"Perindopril34Verapamil16","Perindopril,Verapamil",21,"34,16",93,21.93,"ACEI"
"Perindopril34Verapamil20","Perindopril,Verapamil",21,"34,20",94,21.94,"ACEI"
"Perindopril34Verapamil7","Perindopril,Verapamil",21,"34,7",95,21.95,"ACEI"
"Perindopril52Verapamil160","Perindopril,Verapamil",21,"52,160",98,21.98,"ACEI"
"Perindopril52Verapamil20","Perindopril,Verapamil",21,"52,20",99,21.99,"ACEI"
"Quinapril38","Quinapril",22,"38",21,22.21,"ACEI"
"Quinapril4","Quinapril",22,"4",26,22.26,"ACEI"
"Quinapril8","Quinapril",22,"8",78,22.78,"ACEI"
"Quinapril18","Quinapril",22,"18",9,22.9,"ACEI"
"Quinapril4Verapamil20","Quinapril,Verapamil",23,"4,20",33,23.33,"ACEI"
"Ramipril1","Ramipril",24,"1",102,24.102,"ACEI"
"Ramipril13","Ramipril",24,"13",103,24.103,"ACEI"
"Ramipril4.5","Ramipril",24,"4.5",110,24.11,"ACEI"
"Ramipril5","Ramipril",24,"5",113,24.113,"ACEI"
"Ramipril57","Ramipril",24,"57",114,24.114,"ACEI"
"Ramipril64","Ramipril",24,"64",115,24.115,"ACEI"
"Ramipril65","Ramipril",24,"65",116,24.116,"ACEI"
"Ramipril79","Ramipril",24,"79",117,24.117,"ACEI"
"Ramipril84","Ramipril",24,"84",118,24.118,"ACEI"
"Ramipril22","Ramipril",24,"22",16,24.16,"ACEI"
"Ramipril38","Ramipril",24,"38",21,24.21,"ACEI"
"Ramipril4","Ramipril",24,"4",26,24.26,"ACEI"
"Ramipril76","Ramipril",24,"76",29,24.29,"ACEI"
"Ramipril27","Ramipril",24,"27",51,24.51,"ACEI"
"Ramipril33","Ramipril",24,"33",52,24.52,"ACEI"
"Ramipril44","Ramipril",24,"44",62,24.62,"ACEI"
"Ramipril6","Ramipril",24,"6",74,24.74,"ACEI"
"Ramipril66","Ramipril",24,"66",75,24.75,"ACEI"
"Ramipril85","Ramipril",24,"85",79,24.79,"ACEI"
"Ramipril9","Ramipril",24,"9",83,24.83,"ACEI"
"Ramipril18","Ramipril",24,"18",9,24.9,"ACEI"
"Ramipril18Verapamil14","Ramipril,Verapamil",25,"18,14",104,25.104,"ACEI"
"Ramipril22Verapamil35","Ramipril,Verapamil",25,"22,35",105,25.105,"ACEI"
"Ramipril22Verapamil53","Ramipril,Verapamil",25,"22,53",106,25.106,"ACEI"
"Ramipril38Verapamil35","Ramipril,Verapamil",25,"38,35",107,25.107,"ACEI"
"Ramipril38Verapamil53","Ramipril,Verapamil",25,"38,53",108,25.108,"ACEI"
"Ramipril44Verapamil7","Ramipril,Verapamil",25,"44,7",109,25.109,"ACEI"
"Ramipril4Verapamil21","Ramipril,Verapamil",25,"4,21",111,25.111,"ACEI"
"Ramipril4Verapamil53","Ramipril,Verapamil",25,"4,53",112,25.112,"ACEI"
"Ramipril9Verapamil110","Ramipril,Verapamil",25,"9,110",121,25.121,"ACEI"
"Ramipril9Verapamil14","Ramipril,Verapamil",25,"9,14",122,25.122,"ACEI"
"Ramipril9Verapamil16","Ramipril,Verapamil",25,"9,16",123,25.123,"ACEI"
"Ramipril9Verapamil160","Ramipril,Verapamil",25,"9,160",124,25.124,"ACEI"
"Ramipril9Verapamil20","Ramipril,Verapamil",25,"9,20",125,25.125,"ACEI"
"Ramipril9Verapamil21","Ramipril,Verapamil",25,"9,21",126,25.126,"ACEI"
"Ramipril9Verapamil32","Ramipril,Verapamil",25,"9,32",127,25.127,"ACEI"
"Ramipril9Verapamil45","Ramipril,Verapamil",25,"9,45",128,25.128,"ACEI"
"Ramipril9Verapamil53","Ramipril,Verapamil",25,"9,53",129,25.129,"ACEI"
"Ramipril9Verapamil7","Ramipril,Verapamil",25,"9,7",130,25.13,"ACEI"
"Ramipril38Verapamil7","Ramipril,Verapamil",25,"38,7",25,25.25,"ACEI"
"Ramipril4Verapamil20","Ramipril,Verapamil",25,"4,20",33,25.33,"ACEI"
"Ramipril4Verapamil7","Ramipril,Verapamil",25,"4,7",34,25.34,"ACEI"
"Ramipril9Trandolapril17Verapamil16","Ramipril,Trandolapril,Verapamil",26,"9,17,16",119,26.119,"ACEI"
"Ramipril9Trandolapril34","Ramipril,Trandolapril",27,"9,34",120,27.12,"ACEI"
"Trandolapril3","Trandolapril",28,"3",132,28.132,"ACEI"
"Trandolapril34","Trandolapril",28,"34",18,28.18,"ACEI"
"Trandolapril2","Trandolapril",28,"2",44,28.44,"ACEI"
"Trandolapril17","Trandolapril",28,"17",85,28.85,"ACEI"
"Trandolapril17Verapamil16","Trandolapril,Verapamil",29,"17,16",131,29.131,"ACEI"
"Trandolapril34Verapamil20","Trandolapril,Verapamil",29,"34,20",94,29.94,"ACEI"
"Verapamil124","Verapamil",30,"124",133,30.133,"ACEI"
"Verapamil14","Verapamil",30,"14",134,30.134,"ACEI"
"Verapamil16","Verapamil",30,"16",135,30.135,"ACEI"
"Verapamil160","Verapamil",30,"160",136,30.136,"ACEI"
"Verapamil20","Verapamil",30,"20",137,30.137,"ACEI"
"Verapamil35","Verapamil",30,"35",138,30.138,"ACEI"
"Verapamil40","Verapamil",30,"40",139,30.139,"ACEI"
"Verapamil53","Verapamil",30,"53",140,30.14,"ACEI"
"Verapamil62","Verapamil",30,"62",141,30.141,"ACEI"
"Verapamil69","Verapamil",30,"69",142,30.142,"ACEI"
"Verapamil7","Verapamil",30,"7",143,30.143,"ACEI"
"Verapamil80","Verapamil",30,"80",144,30.144,"ACEI"
"Verapamil21","Verapamil",30,"21",3,30.3,"ACEI"
"Verapamil110","Verapamil",30,"110",35,30.35,"ACEI"
"Amiloride11","Amiloride",1,"11",1,1.1,"ALD_ANT"
"Amiloride33","Amiloride",1,"33",12,1.12,"ALD_ANT"
"Amiloride38","Amiloride",1,"38",13,1.13,"ALD_ANT"
"Amiloride39","Amiloride",1,"39",16,1.16,"ALD_ANT"
"Amiloride4","Amiloride",1,"4",17,1.17,"ALD_ANT"
"Amiloride44","Amiloride",1,"44",18,1.18,"ALD_ANT"
"Amiloride110","Amiloride",1,"110",2,1.2,"ALD_ANT"
"Amiloride5","Amiloride",1,"5",20,1.2,"ALD_ANT"
"Amiloride57","Amiloride",1,"57",21,1.21,"ALD_ANT"
"Amiloride72","Amiloride",1,"72",22,1.22,"ALD_ANT"
"Amiloride76","Amiloride",1,"76",23,1.23,"ALD_ANT"
"Amiloride9.5","Amiloride",1,"9.5",26,1.26,"ALD_ANT"
"Amiloride13","Amiloride",1,"13",3,1.3,"ALD_ANT"
"Amiloride150","Amiloride",1,"150",4,1.4,"ALD_ANT"
"Amiloride19","Amiloride",1,"19",5,1.5,"ALD_ANT"
"Amiloride21","Amiloride",1,"21",7,1.7,"ALD_ANT"
"Amiloride22","Amiloride",1,"22",9,1.9,"ALD_ANT"
"Amiloride22Spironolactone21","Amiloride,Spironolactone",2,"22,21",10,2.1,"ALD_ANT"
"Amiloride38Spironolactone21","Amiloride,Spironolactone",2,"38,21",14,2.14,"ALD_ANT"
"Amiloride38Spironolactone39","Amiloride,Spironolactone",2,"38,39",15,2.15,"ALD_ANT"
"Amiloride4Spironolactone21","Amiloride,Spironolactone",2,"4,21",19,2.19,"ALD_ANT"
"Amiloride76Spironolactone21","Amiloride,Spironolactone",2,"76,21",24,2.24,"ALD_ANT"
"Amiloride76Spironolactone39","Amiloride,Spironolactone",2,"76,39",25,2.25,"ALD_ANT"
"Amiloride9.5Spironolactone39","Amiloride,Spironolactone",2,"9.5,39",27,2.27,"ALD_ANT"
"Amiloride19Spironolactone21","Amiloride,Spironolactone",2,"19,21",6,2.6,"ALD_ANT"
"Amiloride21Spironolactone21","Amiloride,Spironolactone",2,"21,21",8,2.8,"ALD_ANT"
"Amiloride22Triamterene41","Amiloride,Triamterene",3,"22,41",11,3.11,"ALD_ANT"
"Amiloride38Eplerenone21","Amiloride,Eplerenone",4,"38,21",14,4.14,"ALD_ANT"
"Amiloride38Eplerenone39","Amiloride,Eplerenone",4,"38,39",15,4.15,"ALD_ANT"
"Amiloridehydrochloride1","Amiloridehydrochloride",5,"1",28,5.28,"ALD_ANT"
"Amiloridehydrochloride22","Amiloridehydrochloride",5,"22",9,5.9,"ALD_ANT"
"Eplerenone39","Eplerenone",6,"39",16,6.16,"ALD_ANT"
"Eplerenone10","Eplerenone",6,"10",29,6.29,"ALD_ANT"
"Eplerenone42","Eplerenone",6,"42",33,6.33,"ALD_ANT"
"Eplerenone5.2","Eplerenone",6,"5.2",34,6.34,"ALD_ANT"
"Eplerenone78","Eplerenone",6,"78",35,6.35,"ALD_ANT"
"Eplerenone19","Eplerenone",6,"19",5,6.5,"ALD_ANT"
"Eplerenone21","Eplerenone",6,"21",7,6.7,"ALD_ANT"
"Eplerenone10Spironolactone21","Eplerenone,Spironolactone",7,"10,21",30,7.3,"ALD_ANT"
"Eplerenone21Spironolactone39","Eplerenone,Spironolactone",7,"21,39",31,7.31,"ALD_ANT"
"Eplerenone39Spironolactone21","Eplerenone,Spironolactone",7,"39,21",32,7.32,"ALD_ANT"
"Eplerenone21Spironolactone21","Eplerenone,Spironolactone",7,"21,21",8,7.8,"ALD_ANT"
"Spironolactone39","Spironolactone",8,"39",16,8.16,"ALD_ANT"
"Spironolactone44","Spironolactone",8,"44",18,8.18,"ALD_ANT"
"Spironolactone5","Spironolactone",8,"5",20,8.2,"ALD_ANT"
"Spironolactone72","Spironolactone",8,"72",22,8.22,"ALD_ANT"
"Spironolactone78","Spironolactone",8,"78",35,8.35,"ALD_ANT"
"Spironolactone120","Spironolactone",8,"120",36,8.36,"ALD_ANT"
"Spironolactone17","Spironolactone",8,"17",37,8.37,"ALD_ANT"
"Spironolactone20","Spironolactone",8,"20",38,8.38,"ALD_ANT"
"Spironolactone40","Spironolactone",8,"40",39,8.39,"ALD_ANT"
"Spironolactone43","Spironolactone",8,"43",40,8.4,"ALD_ANT"
"Spironolactone19","Spironolactone",8,"19",5,8.5,"ALD_ANT"
"Spironolactone21","Spironolactone",8,"21",7,8.7,"ALD_ANT"
"Triamterene39","Triamterene",9,"39",16,9.16,"ALD_ANT"
"Triamterene78","Triamterene",9,"78",35,9.35,"ALD_ANT"
"Triamterene20","Triamterene",9,"20",38,9.38,"ALD_ANT"
"Triamterene41","Triamterene",9,"41",41,9.41,"ALD_ANT"
"Triamterene82","Triamterene",9,"82",42,9.42,"ALD_ANT"
"Aciclovir110","Aciclovir",1,"110",1,1.1,"Antimicrobial"
"Aciclovir380","Aciclovir",1,"380",14,1.14,"Antimicrobial"
"Aciclovir54","Aciclovir",1,"54",15,1.15,"Antimicrobial"
"Aciclovir57","Aciclovir",1,"57",18,1.18,"Antimicrobial"
"Aciclovir140","Aciclovir",1,"140",2,1.2,"Antimicrobial"
"Aciclovir72","Aciclovir",1,"72",21,1.21,"Antimicrobial"
"Aciclovir76","Aciclovir",1,"76",26,1.26,"Antimicrobial"
"Aciclovir90","Aciclovir",1,"90",27,1.27,"Antimicrobial"
"Aciclovir95","Aciclovir",1,"95",28,1.28,"Antimicrobial"
"Aciclovir160","Aciclovir",1,"160",3,1.3,"Antimicrobial"
"Aciclovir180","Aciclovir",1,"180",4,1.4,"Antimicrobial"
"Aciclovir19","Aciclovir",1,"19",5,1.5,"Antimicrobial"
"Aciclovir270","Aciclovir",1,"270",6,1.6,"Antimicrobial"
"Aciclovir290","Aciclovir",1,"290",8,1.8,"Antimicrobial"
"Aciclovir36","Aciclovir",1,"36",9,1.9,"Antimicrobial"
"Aciclovir54Trimethoprim19","Aciclovir,Trimethoprim",2,"54,19",16,2.16,"Antimicrobial"
"Aciclovir54Trimethoprim5","Aciclovir,Trimethoprim",2,"54,5",17,2.17,"Antimicrobial"
"Aciclovir72Trimethoprim35","Aciclovir,Trimethoprim",2,"72,35",24,2.24,"Antimicrobial"
"Aciclovir72Trimethoprim5","Aciclovir,Trimethoprim",2,"72,5",25,2.25,"Antimicrobial"
"Aciclovir270Trimethoprim5","Aciclovir,Trimethoprim",2,"270,5",7,2.7,"Antimicrobial"
"Aciclovir36Penicillamine8","Aciclovir,Penicillamine",3,"36,8",10,3.1,"Antimicrobial"
"Aciclovir36Sulfamethoxazole25Trimethoprim24","Aciclovir,Sulfamethoxazole,Trimethoprim",4,"36,25,24",11,4.11,"Antimicrobial"
"Aciclovir36Sulfamethoxazole36Trimethoprim35","Aciclovir,Sulfamethoxazole,Trimethoprim",4,"36,36,35",12,4.12,"Antimicrobial"
"Aciclovir36Sulfamethoxazole36Trimethoprim53","Aciclovir,Sulfamethoxazole,Trimethoprim",4,"36,36,53",13,4.13,"Antimicrobial"
"Aciclovir57Sulfamethoxazole220Trimethoprim210","Aciclovir,Sulfamethoxazole,Trimethoprim",4,"57,220,210",19,4.19,"Antimicrobial"
"Aciclovir57Sulfamethoxazole36Trimethoprim35","Aciclovir,Sulfamethoxazole,Trimethoprim",4,"57,36,35",20,4.2,"Antimicrobial"
"Aciclovir72Sulfamethoxazole54Trimethoprim53","Aciclovir,Sulfamethoxazole,Trimethoprim",4,"72,54,53",23,4.23,"Antimicrobial"
"Aciclovir72Ciprofloxacilin40","Aciclovir,Ciprofloxacilin",5,"72,40",22,5.22,"Antimicrobial"
"Amphotericin16","Amphotericin",6,"16",29,6.29,"Antimicrobial"
"Amphotericin4","Amphotericin",6,"4",31,6.31,"Antimicrobial"
"Amphotericin32Sulfamethoxazole36Trimethoprim35","Amphotericin,Sulfamethoxazole,Trimethoprim",7,"32,36,35",30,7.3,"Antimicrobial"
"Amphotericin4Ciprofloxacilin40","Amphotericin,Ciprofloxacilin",8,"4,40",32,8.32,"Antimicrobial"
"Ciprofloxacilin1","Ciprofloxacilin",9,"1",33,9.33,"Antimicrobial"
"Ciprofloxacilin100","Ciprofloxacilin",9,"100",34,9.34,"Antimicrobial"
"Ciprofloxacilin23","Ciprofloxacilin",9,"23",35,9.35,"Antimicrobial"
"Ciprofloxacilin33","Ciprofloxacilin",9,"33",39,9.39,"Antimicrobial"
"Ciprofloxacilin40","Ciprofloxacilin",9,"40",41,9.41,"Antimicrobial"
"Ciprofloxacilin46","Ciprofloxacilin",9,"46",46,9.46,"Antimicrobial"
"Ciprofloxacilin460","Ciprofloxacilin",9,"460",47,9.47,"Antimicrobial"
"Ciprofloxacilin51","Ciprofloxacilin",9,"51",48,9.48,"Antimicrobial"
"Ciprofloxacilin67","Ciprofloxacilin",9,"67",49,9.49,"Antimicrobial"
"Ciprofloxacilin23Rifampicin29","Ciprofloxacilin,Rifampicin",10,"23,29",36,10.36,"Antimicrobial"
"Ciprofloxacilin40Rifampicin120","Ciprofloxacilin,Rifampicin",10,"40,120",42,10.42,"Antimicrobial"
"Ciprofloxacilin23Tetracycline23","Ciprofloxacilin,Tetracycline",11,"23,23",37,11.37,"Antimicrobial"
"Ciprofloxacilin23Trimethoprim19","Ciprofloxacilin,Trimethoprim",12,"23,19",38,12.38,"Antimicrobial"
"Ciprofloxacilin33Trimethoprim67","Ciprofloxacilin,Trimethoprim",12,"33,67",40,12.4,"Antimicrobial"
"Ciprofloxacilin40Trimethoprim35","Ciprofloxacilin,Trimethoprim",12,"40,35",44,12.44,"Antimicrobial"
"Ciprofloxacilin40Trimethoprim5","Ciprofloxacilin,Trimethoprim",12,"40,5",45,12.45,"Antimicrobial"
"Ciprofloxacilin40Sulfamethoxazole36Trimethoprim35","Ciprofloxacilin,Sulfamethoxazole,Trimethoprim",13,"40,36,35",43,13.43,"Antimicrobial"
"Demeclocycline100","Demeclocycline",14,"100",34,14.34,"Antimicrobial"
"Demeclocycline13","Demeclocycline",14,"13",50,14.5,"Antimicrobial"
"Demeclocycline26","Demeclocycline",14,"26",51,14.51,"Antimicrobial"
"Demeclocycline39","Demeclocycline",14,"39",52,14.52,"Antimicrobial"
"Demeclocycline52","Demeclocycline",14,"52",53,14.53,"Antimicrobial"
"Demeclocycline78","Demeclocycline",14,"78",54,14.54,"Antimicrobial"
"Gentamicin35","Gentamicin",15,"35",55,15.55,"Antimicrobial"
"Lymecycline29","Lymecycline",16,"29",56,16.56,"Antimicrobial"
"Lymecycline29Trimethoprim5","Lymecycline,Trimethoprim",17,"29,5",57,17.57,"Antimicrobial"
"Minocycline39","Minocycline",18,"39",52,18.52,"Antimicrobial"
"Minocycline20","Minocycline",18,"20",58,18.58,"Antimicrobial"
"Minocycline5","Minocycline",18,"5",59,18.59,"Antimicrobial"
"Penicillamine46","Penicillamine",19,"46",46,19.46,"Antimicrobial"
"Penicillamine8","Penicillamine",19,"8",60,19.6,"Antimicrobial"
"Rifampicin29","Rifampicin",20,"29",56,20.56,"Antimicrobial"
"Rifampicin120","Rifampicin",20,"120",61,20.61,"Antimicrobial"
"Rifampicin58","Rifampicin",20,"58",63,20.63,"Antimicrobial"
"Rifampicin29Trimethoprim35","Rifampicin,Trimethoprim",21,"29,35",62,21.62,"Antimicrobial"
"Rifampicin78Trimethoprim35","Rifampicin,Trimethoprim",21,"78,35",64,21.64,"Antimicrobial"
"Sulfamethoxazole110Trimethoprim110","Sulfamethoxazole,Trimethoprim",22,"110,110",65,22.65,"Antimicrobial"
"Sulfamethoxazole140Trimethoprim140","Sulfamethoxazole,Trimethoprim",22,"140,140",66,22.66,"Antimicrobial"
"Sulfamethoxazole14Trimethoprim14","Sulfamethoxazole,Trimethoprim",22,"14,14",67,22.67,"Antimicrobial"
"Sulfamethoxazole18Trimethoprim18","Sulfamethoxazole,Trimethoprim",22,"18,18",68,22.68,"Antimicrobial"
"Sulfamethoxazole25Trimethoprim24","Sulfamethoxazole,Trimethoprim",22,"25,24",69,22.69,"Antimicrobial"
"Sulfamethoxazole27Trimethoprim26","Sulfamethoxazole,Trimethoprim",22,"27,26",70,22.7,"Antimicrobial"
"Sulfamethoxazole36Trimethoprim35","Sulfamethoxazole,Trimethoprim",22,"36,35",71,22.71,"Antimicrobial"
"Sulfamethoxazole36Trimethoprim5","Sulfamethoxazole,Trimethoprim",22,"36,5",72,22.72,"Antimicrobial"
"Sulfamethoxazole36Trimethoprim53","Sulfamethoxazole,Trimethoprim",22,"36,53",73,22.73,"Antimicrobial"
"Sulfamethoxazole54Trimethoprim53","Sulfamethoxazole,Trimethoprim",22,"54,53",74,22.74,"Antimicrobial"
"Sulfamethoxazole72Trimethoprim70","Sulfamethoxazole,Trimethoprim",22,"72,70",75,22.75,"Antimicrobial"
"Tetracycline23","Tetracycline",23,"23",35,23.35,"Antimicrobial"
"Tetracycline180","Tetracycline",23,"180",4,23.4,"Antimicrobial"
"Tetracycline92","Tetracycline",23,"92",77,23.77,"Antimicrobial"
"Tetracycline23Trimethoprim35","Tetracycline,Trimethoprim",24,"23,35",76,24.76,"Antimicrobial"
"Trimethoprim33","Trimethoprim",25,"33",39,25.39,"Antimicrobial"
"Trimethoprim67","Trimethoprim",25,"67",49,25.49,"Antimicrobial"
"Trimethoprim19","Trimethoprim",25,"19",5,25.5,"Antimicrobial"
"Trimethoprim39","Trimethoprim",25,"39",52,25.52,"Antimicrobial"
"Trimethoprim35","Trimethoprim",25,"35",55,25.55,"Antimicrobial"
"Trimethoprim5","Trimethoprim",25,"5",59,25.59,"Antimicrobial"
"Trimethoprim10","Trimethoprim",25,"10",78,25.78,"Antimicrobial"
"Trimethoprim69","Trimethoprim",25,"69",79,25.79,"Antimicrobial"
"Trimethoprim86","Trimethoprim",25,"86",80,25.8,"Antimicrobial"
"Aliskiren13Losartan5","Aliskiren,Losartan",1,"13,5",1,1.1,"ARBs"
"Aliskirenhemifumarate13","Aliskirenhemifumarate",2,"13",2,2.2,"ARBs"
"Aliskirenhemifumarate13Candesartan14","Aliskirenhemifumarate,Candesartan",3,"13,14",3,3.3,"ARBs"
"Aliskirenhemifumarate13Candesartan34","Aliskirenhemifumarate,Candesartan",3,"13,34",4,3.4,"ARBs"
"Aliskirenhemifumarate13Candesartan52","Aliskirenhemifumarate,Candesartan",3,"13,52",5,3.5,"ARBs"
"Aliskirenhemifumarate13Irbesartan29","Aliskirenhemifumarate,Irbesartan",4,"13,29",6,4.6,"ARBs"
"Aliskirenhemifumarate29Irbesartan29","Aliskirenhemifumarate,Irbesartan",4,"29,29",7,4.7,"ARBs"
"Bosentan8","Bosentan",5,"8",8,5.8,"ARBs"
"Candesartan14","Candesartan",6,"14",10,6.1,"ARBs"
"Candesartan15","Candesartan",6,"15",14,6.14,"ARBs"
"Candesartan160","Candesartan",6,"160",15,6.15,"ARBs"
"Candesartan17","Candesartan",6,"17",16,6.16,"ARBs"
"Candesartan27","Candesartan",6,"27",19,6.19,"ARBs"
"Candesartan28","Candesartan",6,"28",20,6.2,"ARBs"
"Candesartan30","Candesartan",6,"30",21,6.21,"ARBs"
"Candesartan34","Candesartan",6,"34",24,6.24,"ARBs"
"Candesartan48","Candesartan",6,"48",30,6.3,"ARBs"
"Candesartan5","Candesartan",6,"5",31,6.31,"ARBs"
"Candesartan51","Candesartan",6,"51",32,6.32,"ARBs"
"Candesartan52","Candesartan",6,"52",33,6.33,"ARBs"
"Candesartan55","Candesartan",6,"55",41,6.41,"ARBs"
"Candesartan6","Candesartan",6,"6",42,6.42,"ARBs"
"Candesartan68","Candesartan",6,"68",43,6.43,"ARBs"
"Candesartan76","Candesartan",6,"76",44,6.44,"ARBs"
"Candesartan78","Candesartan",6,"78",45,6.45,"ARBs"
"Candesartan8.5","Candesartan",6,"8.5",46,6.46,"ARBs"
"Candesartan100","Candesartan",6,"100",9,6.9,"ARBs"
"Candesartan14Irbesartan29","Candesartan,Irbesartan",7,"14,29",11,7.11,"ARBs"
"Candesartan17Irbesartan29","Candesartan,Irbesartan",7,"17,29",17,7.17,"ARBs"
"Candesartan30Irbesartan29","Candesartan,Irbesartan",7,"30,29",22,7.22,"ARBs"
"Candesartan34Irbesartan29","Candesartan,Irbesartan",7,"34,29",25,7.25,"ARBs"
"Candesartan52Irbesartan13","Candesartan,Irbesartan",7,"52,13",35,7.35,"ARBs"
"Candesartan52Irbesartan29","Candesartan,Irbesartan",7,"52,29",36,7.36,"ARBs"
"Candesartan52Irbesartan49","Candesartan,Irbesartan",7,"52,49",37,7.37,"ARBs"
"Candesartan14Losartan5","Candesartan,Losartan",8,"14,5",12,8.12,"ARBs"
"Candesartan30Losartan5","Candesartan,Losartan",8,"30,5",23,8.23,"ARBs"
"Candesartan34Losartan5","Candesartan,Losartan",8,"34,5",26,8.26,"ARBs"
"Candesartan52Losartan5","Candesartan,Losartan",8,"52,5",38,8.38,"ARBs"
"Candesartan14Valsartan53","Candesartan,Valsartan",9,"14,53",13,9.13,"ARBs"
"Candesartan17Valsartan53","Candesartan,Valsartan",9,"17,53",18,9.18,"ARBs"
"Candesartan34Valsartan35","Candesartan,Valsartan",9,"34,35",27,9.27,"ARBs"
"Candesartan34Valsartan53","Candesartan,Valsartan",9,"34,53",28,9.28,"ARBs"
"Candesartan34Valsartan70","Candesartan,Valsartan",9,"34,70",29,9.29,"ARBs"
"Candesartan52Valsartan70","Candesartan,Valsartan",9,"52,70",40,9.4,"ARBs"
"Candesartan52Eprosartan72","Candesartan,Eprosartan",10,"52,72",34,10.34,"ARBs"
"Candesartan52Telmisartan35","Candesartan,Telmisartan",11,"52,35",39,11.39,"ARBs"
"Eprosartan29","Eprosartan",12,"29",47,12.47,"ARBs"
"Eprosartan36","Eprosartan",12,"36",48,12.48,"ARBs"
"Eprosartan47","Eprosartan",12,"47",49,12.49,"ARBs"
"Eprosartan72","Eprosartan",12,"72",50,12.5,"ARBs"
"Eprosartan72Valsartan110","Eprosartan,Valsartan",13,"72,110",51,13.51,"ARBs"
"Irbesartan13","Irbesartan",14,"13",2,14.2,"ARBs"
"Irbesartan29","Irbesartan",14,"29",47,14.47,"ARBs"
"Irbesartan26","Irbesartan",14,"26",52,14.52,"ARBs"
"Irbesartan49","Irbesartan",14,"49",56,14.56,"ARBs"
"Irbesartan29Losartan5","Irbesartan,Losartan",15,"29,5",53,15.53,"ARBs"
"Irbesartan29Telmisartan35","Irbesartan,Telmisartan",16,"29,35",54,16.54,"ARBs"
"Irbesartan29Valsartan53","Irbesartan,Valsartan",17,"29,53",55,17.55,"ARBs"
"Losartan5","Losartan",18,"5",31,18.31,"ARBs"
"Losartan78","Losartan",18,"78",45,18.45,"ARBs"
"Losartan10","Losartan",18,"10",57,18.57,"ARBs"
"Losartan20","Losartan",18,"20",58,18.58,"ARBs"
"Losartan21","Losartan",18,"21",59,18.59,"ARBs"
"Losartan2.5","Losartan",18,"2.5",60,18.6,"ARBs"
"Losartan39","Losartan",18,"39",61,18.61,"ARBs"
"Losartan5Valsartan15","Losartan,Valsartan",19,"5,15",62,19.62,"ARBs"
"Losartan5Valsartan35","Losartan,Valsartan",19,"5,35",63,19.63,"ARBs"
"Losartan5Valsartan53","Losartan,Valsartan",19,"5,53",64,19.64,"ARBs"
"Macitentan4","Macitentan",20,"4",65,20.65,"ARBs"
"Olmesartan4","Olmesartan",21,"4",65,21.65,"ARBs"
"Olmesartan18","Olmesartan",21,"18",66,21.66,"ARBs"
"Olmesartan2.4","Olmesartan",21,"2.4",67,21.67,"ARBs"
"Olmesartan35","Olmesartan",21,"35",68,21.68,"ARBs"
"Telmisartan14","Telmisartan",22,"14",10,22.1,"ARBs"
"Telmisartan68","Telmisartan",22,"68",43,22.43,"ARBs"
"Telmisartan18","Telmisartan",22,"18",66,22.66,"ARBs"
"Telmisartan35","Telmisartan",22,"35",68,22.68,"ARBs"
"Telmisartan53","Telmisartan",22,"53",69,22.69,"ARBs"
"Telmisartan70","Telmisartan",22,"70",70,22.7,"ARBs"
"Telmisartan9","Telmisartan",22,"9",71,22.71,"ARBs"
"Valsartan15","Valsartan",23,"15",14,23.14,"ARBs"
"Valsartan52","Valsartan",23,"52",33,23.33,"ARBs"
"Valsartan68","Valsartan",23,"68",43,23.43,"ARBs"
"Valsartan18","Valsartan",23,"18",66,23.66,"ARBs"
"Valsartan35","Valsartan",23,"35",68,23.68,"ARBs"
"Valsartan53","Valsartan",23,"53",69,23.69,"ARBs"
"Valsartan70","Valsartan",23,"70",70,23.7,"ARBs"
"Valsartan110","Valsartan",23,"110",72,23.72,"ARBs"
"Valsartan16","Valsartan",23,"16",73,23.73,"ARBs"
"Valsartan31","Valsartan",23,"31",74,23.74,"ARBs"
"Valsartan100","Valsartan",23,"100",9,23.9,"ARBs"
"Bendroflumethiazide22","Bendroflumethiazide",1,"22",1,1.1,"DIUR_THI"
"Bendroflumethiazide38","Bendroflumethiazide",1,"38",31,1.31,"DIUR_THI"
"Bendroflumethiazide44","Bendroflumethiazide",1,"44",34,1.34,"DIUR_THI"
"Bendroflumethiazide91","Bendroflumethiazide",1,"91",36,1.36,"DIUR_THI"
"Bendroflumethiazide22Chlortalidone10","Bendroflumethiazide,Chlortalidone",2,"22,10",2,2.2,"DIUR_THI"
"Bendroflumethiazide22Chlortalidone39","Bendroflumethiazide,Chlortalidone",2,"22,39",3,2.3,"DIUR_THI"
"Bendroflumethiazide22Chlortalidone9.8","Bendroflumethiazide,Chlortalidone",2,"22,9.8",4,2.4,"DIUR_THI"
"Bendroflumethiazide22Hydrochlorthiazide22","Bendroflumethiazide,Hydrochlorthiazide",3,"22,22",12,3.12,"DIUR_THI"
"Bendroflumethiazide22Hydrochlorthiazide24","Bendroflumethiazide,Hydrochlorthiazide",3,"22,24",13,3.13,"DIUR_THI"
"Bendroflumethiazide22Hydrochlorthiazide30","Bendroflumethiazide,Hydrochlorthiazide",3,"22,30",14,3.14,"DIUR_THI"
"Bendroflumethiazide22Hydrochlorthiazide41","Bendroflumethiazide,Hydrochlorthiazide",3,"22,41",15,3.15,"DIUR_THI"
"Bendroflumethiazide22Hydrochlorthiazide5","Bendroflumethiazide,Hydrochlorthiazide",3,"22,5",16,3.16,"DIUR_THI"
"Bendroflumethiazide22Hydrochlorthiazide52","Bendroflumethiazide,Hydrochlorthiazide",3,"22,52",17,3.17,"DIUR_THI"
"Bendroflumethiazide22Hydrochlorthiazide10","Bendroflumethiazide,Hydrochlorthiazide",3,"22,10",2,3.2,"DIUR_THI"
"Bendroflumethiazide44Hydrochlorthiazide10","Bendroflumethiazide,Hydrochlorthiazide",3,"44,10",35,3.35,"DIUR_THI"
"Bendroflumethiazide22Hydrochlorthiazide20","Bendroflumethiazide,Hydrochlorthiazide",3,"22,20",9,3.9,"DIUR_THI"
"Bendroflumethiazide22Hydrochlorthiazide20Metolazone38","Bendroflumethiazide,Hydrochlorthiazide,Metolazone",4,"22,20,38",10,4.1,"DIUR_THI"
"Bendroflumethiazide22Hydrochlorthiazide10Metolazone19","Bendroflumethiazide,Hydrochlorthiazide,Metolazone",4,"22,10,19",5,4.5,"DIUR_THI"
"Bendroflumethiazide22Hydrochlorthiazide10Perindopril34","Bendroflumethiazide,Hydrochlorthiazide,Perindopril",5,"22,10,34",6,5.6,"DIUR_THI"
"Bendroflumethiazide22Hydrochlorthiazide10Perindopril52","Bendroflumethiazide,Hydrochlorthiazide,Perindopril",5,"22,10,52",7,5.7,"DIUR_THI"
"Bendroflumethiazide22Hydrochlorthiazide20Valsartan53","Bendroflumethiazide,Hydrochlorthiazide,Valsartan",6,"22,20,53",11,6.11,"DIUR_THI"
"Bendroflumethiazide38Hydrochlorthiazide10Valsartan15","Bendroflumethiazide,Hydrochlorthiazide,Valsartan",6,"38,10,15",32,6.32,"DIUR_THI"
"Bendroflumethiazide22Hydrochlorthiazide10Valsartan53","Bendroflumethiazide,Hydrochlorthiazide,Valsartan",6,"22,10,53",8,6.8,"DIUR_THI"
"Bendroflumethiazide22Indapamide22","Bendroflumethiazide,Indapamide",7,"22,22",12,7.12,"DIUR_THI"
"Bendroflumethiazide22Indapamide12","Bendroflumethiazide,Indapamide",7,"22,12",18,7.18,"DIUR_THI"
"Bendroflumethiazide22Metolazone22","Bendroflumethiazide,Metolazone",8,"22,22",12,8.12,"DIUR_THI"
"Bendroflumethiazide22Metolazone19","Bendroflumethiazide,Metolazone",8,"22,19",19,8.19,"DIUR_THI"
"Bendroflumethiazide22Metolazone5.3","Bendroflumethiazide,Metolazone",8,"22,5.3",20,8.2,"DIUR_THI"
"Bendroflumethiazide22Metolazone7.3","Bendroflumethiazide,Metolazone",8,"22,7.3",21,8.21,"DIUR_THI"
"Bendroflumethiazide22Metolazone8.8","Bendroflumethiazide,Metolazone",8,"22,8.8",22,8.22,"DIUR_THI"
"Bendroflumethiazide22Perindopril22","Bendroflumethiazide,Perindopril",9,"22,22",12,9.12,"DIUR_THI"
"Bendroflumethiazide22Perindopril52","Bendroflumethiazide,Perindopril",9,"22,52",17,9.17,"DIUR_THI"
"Bendroflumethiazide22Perindopril100","Bendroflumethiazide,Perindopril",9,"22,100",23,9.23,"DIUR_THI"
"Bendroflumethiazide22Perindopril17","Bendroflumethiazide,Perindopril",9,"22,17",24,9.24,"DIUR_THI"
"Bendroflumethiazide22Perindopril34","Bendroflumethiazide,Perindopril",9,"22,34",26,9.26,"DIUR_THI"
"Bendroflumethiazide22Perindopril68","Bendroflumethiazide,Perindopril",9,"22,68",27,9.27,"DIUR_THI"
"Bendroflumethiazide38Perindopril52","Bendroflumethiazide,Perindopril",9,"38,52",33,9.33,"DIUR_THI"
"Bendroflumethiazide22Perindopril17Valsartan53","Bendroflumethiazide,Perindopril,Valsartan",10,"22,17,53",25,10.25,"DIUR_THI"
"Bendroflumethiazide22Valsartan100","Bendroflumethiazide,Valsartan",11,"22,100",23,11.23,"DIUR_THI"
"Bendroflumethiazide22Valsartan15","Bendroflumethiazide,Valsartan",11,"22,15",28,11.28,"DIUR_THI"
"Bendroflumethiazide22Valsartan35","Bendroflumethiazide,Valsartan",11,"22,35",29,11.29,"DIUR_THI"
"Bendroflumethiazide22Valsartan53","Bendroflumethiazide,Valsartan",11,"22,53",30,11.3,"DIUR_THI"
"Chlortalidone10","Chlortalidone",12,"10",37,12.37,"DIUR_THI"
"Chlortalidone20","Chlortalidone",12,"20",42,12.42,"DIUR_THI"
"Chlortalidone21","Chlortalidone",12,"21",45,12.45,"DIUR_THI"
"Chlortalidone39","Chlortalidone",12,"39",46,12.46,"DIUR_THI"
"Chlortalidone78","Chlortalidone",12,"78",51,12.51,"DIUR_THI"
"Chlortalidone9.8","Chlortalidone",12,"9.8",52,12.52,"DIUR_THI"
"Chlortalidone10Hydrochlorthiazide10","Chlortalidone,Hydrochlorthiazide",13,"10,10",38,13.38,"DIUR_THI"
"Chlortalidone20Hydrochlorthiazide10","Chlortalidone,Hydrochlorthiazide",13,"20,10",43,13.43,"DIUR_THI"
"Chlortalidone39Hydrochlorthiazide10","Chlortalidone,Hydrochlorthiazide",13,"39,10",47,13.47,"DIUR_THI"
"Chlortalidone39Hydrochlorthiazide20","Chlortalidone,Hydrochlorthiazide",13,"39,20",48,13.48,"DIUR_THI"
"Chlortalidone10Perindopril52","Chlortalidone,Perindopril",14,"10,52",39,14.39,"DIUR_THI"
"Chlortalidone10Perindopril52Valsartan15","Chlortalidone,Perindopril,Valsartan",15,"10,52,15",40,15.4,"DIUR_THI"
"Chlortalidone10Perindopril52Valsartan53","Chlortalidone,Perindopril,Valsartan",15,"10,52,53",41,15.41,"DIUR_THI"
"Chlortalidone20Hydrochlorthiazide10Indapamide22","Chlortalidone,Hydrochlorthiazide,Indapamide",16,"20,10,22",44,16.44,"DIUR_THI"
"Chlortalidone39Indapamide22","Chlortalidone,Indapamide",17,"39,22",49,17.49,"DIUR_THI"
"Chlortalidone39Valsartan53","Chlortalidone,Valsartan",18,"39,53",50,18.5,"DIUR_THI"
"Cyclopenthiazide1","Cyclopenthiazide",19,"1",53,19.53,"DIUR_THI"
"Cyclopenthiazide2","Cyclopenthiazide",19,"2",56,19.56,"DIUR_THI"
"Cyclopenthiazide1Hydrochlorthiazide10","Cyclopenthiazide,Hydrochlorthiazide",20,"1,10",54,20.54,"DIUR_THI"
"Cyclopenthiazide1Metolazone22","Cyclopenthiazide,Metolazone",21,"1,22",55,21.55,"DIUR_THI"
"Hydrochlorthiazide22","Hydrochlorthiazide",22,"22",1,22.1,"DIUR_THI"
"Hydrochlorthiazide38","Hydrochlorthiazide",22,"38",31,22.31,"DIUR_THI"
"Hydrochlorthiazide10","Hydrochlorthiazide",22,"10",37,22.37,"DIUR_THI"
"Hydrochlorthiazide20","Hydrochlorthiazide",22,"20",42,22.42,"DIUR_THI"
"Hydrochlorthiazide21","Hydrochlorthiazide",22,"21",45,22.45,"DIUR_THI"
"Hydrochlorthiazide15","Hydrochlorthiazide",22,"15",69,22.69,"DIUR_THI"
"Hydrochlorthiazide19","Hydrochlorthiazide",22,"19",70,22.7,"DIUR_THI"
"Hydrochlorthiazide24","Hydrochlorthiazide",22,"24",78,22.78,"DIUR_THI"
"Hydrochlorthiazide30","Hydrochlorthiazide",22,"30",80,22.8,"DIUR_THI"
"Hydrochlorthiazide35","Hydrochlorthiazide",22,"35",82,22.82,"DIUR_THI"
"Hydrochlorthiazide40","Hydrochlorthiazide",22,"40",83,22.83,"DIUR_THI"
"Hydrochlorthiazide41","Hydrochlorthiazide",22,"41",85,22.85,"DIUR_THI"
"Hydrochlorthiazide42","Hydrochlorthiazide",22,"42",87,22.87,"DIUR_THI"
"Hydrochlorthiazide43","Hydrochlorthiazide",22,"43",88,22.88,"DIUR_THI"
"Hydrochlorthiazide5","Hydrochlorthiazide",22,"5",89,22.89,"DIUR_THI"
"Hydrochlorthiazide52","Hydrochlorthiazide",22,"52",90,22.9,"DIUR_THI"
"Hydrochlorthiazide6","Hydrochlorthiazide",22,"6",91,22.91,"DIUR_THI"
"Hydrochlorthiazide68","Hydrochlorthiazide",22,"68",92,22.92,"DIUR_THI"
"Hydrochlorthiazide72","Hydrochlorthiazide",22,"72",93,22.93,"DIUR_THI"
"Hydrochlorthiazide76","Hydrochlorthiazide",22,"76",94,22.94,"DIUR_THI"
"Hydrochlorthiazide82","Hydrochlorthiazide",22,"82",95,22.95,"DIUR_THI"
"Hydrochlorthiazide85","Hydrochlorthiazide",22,"85",96,22.96,"DIUR_THI"
"Hydrochlorthiazide10Indapamide12","Hydrochlorthiazide,Indapamide",23,"10,12",57,23.57,"DIUR_THI"
"Hydrochlorthiazide10Indapamide22","Hydrochlorthiazide,Indapamide",23,"10,22",58,23.58,"DIUR_THI"
"Hydrochlorthiazide20Indapamide12","Hydrochlorthiazide,Indapamide",23,"20,12",71,23.71,"DIUR_THI"
"Hydrochlorthiazide20Indapamide22","Hydrochlorthiazide,Indapamide",23,"20,22",72,23.72,"DIUR_THI"
"Hydrochlorthiazide30Indapamide22","Hydrochlorthiazide,Indapamide",23,"30,22",81,23.81,"DIUR_THI"
"Hydrochlorthiazide40Indapamide22","Hydrochlorthiazide,Indapamide",23,"40,22",84,23.84,"DIUR_THI"
"Hydrochlorthiazide10Metolazone19","Hydrochlorthiazide,Metolazone",24,"10,19",59,24.59,"DIUR_THI"
"Hydrochlorthiazide10Metolazone2.7","Hydrochlorthiazide,Metolazone",24,"10,2.7",60,24.6,"DIUR_THI"
"Hydrochlorthiazide10Metolazone38","Hydrochlorthiazide,Metolazone",24,"10,38",61,24.61,"DIUR_THI"
"Hydrochlorthiazide10Metolazone5.3","Hydrochlorthiazide,Metolazone",24,"10,5.3",62,24.62,"DIUR_THI"
"Hydrochlorthiazide10Metolazone6.2","Hydrochlorthiazide,Metolazone",24,"10,6.2",63,24.63,"DIUR_THI"
"Hydrochlorthiazide20Metolazone19","Hydrochlorthiazide,Metolazone",24,"20,19",73,24.73,"DIUR_THI"
"Hydrochlorthiazide20Metolazone38","Hydrochlorthiazide,Metolazone",24,"20,38",74,24.74,"DIUR_THI"
"Hydrochlorthiazide24Metolazone11","Hydrochlorthiazide,Metolazone",24,"24,11",79,24.79,"DIUR_THI"
"Hydrochlorthiazide10Perindopril52","Hydrochlorthiazide,Perindopril",25,"10,52",39,25.39,"DIUR_THI"
"Hydrochlorthiazide10Perindopril17","Hydrochlorthiazide,Perindopril",25,"10,17",64,25.64,"DIUR_THI"
"Hydrochlorthiazide10Perindopril34","Hydrochlorthiazide,Perindopril",25,"10,34",65,25.65,"DIUR_THI"
"Hydrochlorthiazide10Valsartan15","Hydrochlorthiazide,Valsartan",26,"10,15",66,26.66,"DIUR_THI"
"Hydrochlorthiazide10Valsartan35","Hydrochlorthiazide,Valsartan",26,"10,35",67,26.67,"DIUR_THI"
"Hydrochlorthiazide10Valsartan53","Hydrochlorthiazide,Valsartan",26,"10,53",68,26.68,"DIUR_THI"
"Hydrochlorthiazide20Valsartan35","Hydrochlorthiazide,Valsartan",26,"20,35",75,26.75,"DIUR_THI"
"Hydrochlorthiazide20Valsartan53","Hydrochlorthiazide,Valsartan",26,"20,53",76,26.76,"DIUR_THI"
"Hydrochlorthiazide21Valsartan15","Hydrochlorthiazide,Valsartan",26,"21,15",77,26.77,"DIUR_THI"
"Hydrochlorthiazide41Valsartan53","Hydrochlorthiazide,Valsartan",26,"41,53",86,26.86,"DIUR_THI"
"Indapamide22","Indapamide",27,"22",1,27.1,"DIUR_THI"
"Indapamide24","Indapamide",27,"24",78,27.78,"DIUR_THI"
"Indapamide6","Indapamide",27,"6",91,27.91,"DIUR_THI"
"Indapamide11","Indapamide",27,"11",97,27.97,"DIUR_THI"
"Indapamide12","Indapamide",27,"12",98,27.98,"DIUR_THI"
"Indapamide12Perindopril4","Indapamide,Perindopril",28,"12,4",100,28.1,"DIUR_THI"
"Indapamide12Perindopril52","Indapamide,Perindopril",28,"12,52",101,28.101,"DIUR_THI"
"Indapamide22Perindopril38","Indapamide,Perindopril",28,"22,38",103,28.103,"DIUR_THI"
"Indapamide24Perindopril34","Indapamide,Perindopril",28,"24,34",104,28.104,"DIUR_THI"
"Indapamide24Perindopril52","Indapamide,Perindopril",28,"24,52",105,28.105,"DIUR_THI"
"Indapamide9Perindopril17","Indapamide,Perindopril",28,"9,17",107,28.107,"DIUR_THI"
"Indapamide9Perindopril34","Indapamide,Perindopril",28,"9,34",108,28.108,"DIUR_THI"
"Indapamide9Perindopril38","Indapamide,Perindopril",28,"9,38",109,28.109,"DIUR_THI"
"Indapamide22Perindopril52","Indapamide,Perindopril",28,"22,52",17,28.17,"DIUR_THI"
"Indapamide22Perindopril17","Indapamide,Perindopril",28,"22,17",24,28.24,"DIUR_THI"
"Indapamide22Perindopril34","Indapamide,Perindopril",28,"22,34",26,28.26,"DIUR_THI"
"Indapamide12Perindopril34","Indapamide,Perindopril",28,"12,34",99,28.99,"DIUR_THI"
"Indapamide12Valsartan53","Indapamide,Valsartan",29,"12,53",102,29.102,"DIUR_THI"
"Indapamide24Valsartan15","Indapamide,Valsartan",29,"24,15",106,29.106,"DIUR_THI"
"Metolazone22","Metolazone",30,"22",1,30.1,"DIUR_THI"
"Metolazone13","Metolazone",30,"13",110,30.11,"DIUR_THI"
"Metolazone16","Metolazone",30,"16",111,30.111,"DIUR_THI"
"Metolazone2.7","Metolazone",30,"2.7",115,30.115,"DIUR_THI"
"Metolazone3.1","Metolazone",30,"3.1",116,30.116,"DIUR_THI"
"Metolazone33","Metolazone",30,"33",117,30.117,"DIUR_THI"
"Metolazone53","Metolazone",30,"53",119,30.119,"DIUR_THI"
"Metolazone5.3","Metolazone",30,"5.3",120,30.12,"DIUR_THI"
"Metolazone6.2","Metolazone",30,"6.2",121,30.121,"DIUR_THI"
"Metolazone7.3","Metolazone",30,"7.3",122,30.122,"DIUR_THI"
"Metolazone7.6","Metolazone",30,"7.6",123,30.123,"DIUR_THI"
"Metolazone79","Metolazone",30,"79",124,30.124,"DIUR_THI"
"Metolazone8","Metolazone",30,"8",125,30.125,"DIUR_THI"
"Metolazone8.8","Metolazone",30,"8.8",126,30.126,"DIUR_THI"
"Metolazone9.2","Metolazone",30,"9.2",127,30.127,"DIUR_THI"
"Metolazone9.5","Metolazone",30,"9.5",128,30.128,"DIUR_THI"
"Metolazone38","Metolazone",30,"38",31,30.31,"DIUR_THI"
"Metolazone44","Metolazone",30,"44",34,30.34,"DIUR_THI"
"Metolazone15","Metolazone",30,"15",69,30.69,"DIUR_THI"
"Metolazone19","Metolazone",30,"19",70,30.7,"DIUR_THI"
"Metolazone76","Metolazone",30,"76",94,30.94,"DIUR_THI"
"Metolazone11","Metolazone",30,"11",97,30.97,"DIUR_THI"
"Metolazone19Perindopril17","Metolazone,Perindopril",31,"19,17",112,31.112,"DIUR_THI"
"Metolazone19Perindopril34","Metolazone,Perindopril",31,"19,34",113,31.113,"DIUR_THI"
"Metolazone38Perindopril34","Metolazone,Perindopril",31,"38,34",118,31.118,"DIUR_THI"
"Metolazone22Perindopril52","Metolazone,Perindopril",31,"22,52",17,31.17,"DIUR_THI"
"Metolazone38Perindopril52","Metolazone,Perindopril",31,"38,52",33,31.33,"DIUR_THI"
"Metolazone19Valsartan35","Metolazone,Valsartan",32,"19,35",114,32.114,"DIUR_THI"
"Perindopril22","Perindopril",33,"22",1,33.1,"DIUR_THI"
"Perindopril33","Perindopril",33,"33",117,33.117,"DIUR_THI"
"Perindopril100","Perindopril",33,"100",129,33.129,"DIUR_THI"
"Perindopril17","Perindopril",33,"17",130,33.13,"DIUR_THI"
"Perindopril34","Perindopril",33,"34",132,33.132,"DIUR_THI"
"Perindopril4","Perindopril",33,"4",133,33.133,"DIUR_THI"
"Perindopril51","Perindopril",33,"51",134,33.134,"DIUR_THI"
"Perindopril67","Perindopril",33,"67",136,33.136,"DIUR_THI"
"Perindopril38","Perindopril",33,"38",31,33.31,"DIUR_THI"
"Perindopril52","Perindopril",33,"52",90,33.9,"DIUR_THI"
"Perindopril68","Perindopril",33,"68",92,33.92,"DIUR_THI"
"Perindopril17Valsartan53","Perindopril,Valsartan",34,"17,53",131,34.131,"DIUR_THI"
"Perindopril52Xipamide18","Perindopril,Xipamide",35,"52,18",135,35.135,"DIUR_THI"
"Valsartan16","Valsartan",36,"16",111,36.111,"DIUR_THI"
"Valsartan53","Valsartan",36,"53",119,36.119,"DIUR_THI"
"Valsartan110","Valsartan",36,"110",137,36.137,"DIUR_THI"
"Valsartan18","Valsartan",36,"18",138,36.138,"DIUR_THI"
"Valsartan31","Valsartan",36,"31",139,36.139,"DIUR_THI"
"Valsartan70","Valsartan",36,"70",140,36.14,"DIUR_THI"
"Valsartan15","Valsartan",36,"15",69,36.69,"DIUR_THI"
"Valsartan35","Valsartan",36,"35",82,36.82,"DIUR_THI"
"Valsartan52","Valsartan",36,"52",90,36.9,"DIUR_THI"
"Valsartan68","Valsartan",36,"68",92,36.92,"DIUR_THI"
"Xipamide18","Xipamide",37,"18",138,37.138,"DIUR_THI"
"Ciclosporin10","Ciclosporin",1,"10",1,1.1,"Immunosuppressants"
"Ciclosporin39","Ciclosporin",1,"39",10,1.1,"Immunosuppressants"
"Ciclosporin42","Ciclosporin",1,"42",18,1.18,"Immunosuppressants"
"Ciclosporin5","Ciclosporin",1,"5",20,1.2,"Immunosuppressants"
"Ciclosporin78","Ciclosporin",1,"78",24,1.24,"Immunosuppressants"
"Ciclosporin20","Ciclosporin",1,"20",4,1.4,"Immunosuppressants"
"Ciclosporin21","Ciclosporin",1,"21",5,1.5,"Immunosuppressants"
"Ciclosporin39Mycophenolicacid130","Ciclosporin,Mycophenolicacid",2,"39,130",12,2.12,"Immunosuppressants"
"Ciclosporin39Mycophenolicacid16","Ciclosporin,Mycophenolicacid",2,"39,16",13,2.13,"Immunosuppressants"
"Ciclosporin39Mycophenolicacid160","Ciclosporin,Mycophenolicacid",2,"39,160",14,2.14,"Immunosuppressants"
"Ciclosporin39Mycophenolicacid23","Ciclosporin,Mycophenolicacid",2,"39,23",15,2.15,"Immunosuppressants"
"Ciclosporin39Mycophenolicacid40","Ciclosporin,Mycophenolicacid",2,"39,40",16,2.16,"Immunosuppressants"
"Ciclosporin39Mycophenolicacid96","Ciclosporin,Mycophenolicacid",2,"39,96",17,2.17,"Immunosuppressants"
"Ciclosporin42Mycophenolicacid96","Ciclosporin,Mycophenolicacid",2,"42,96",19,2.19,"Immunosuppressants"
"Ciclosporin10Mycophenolicacid40","Ciclosporin,Mycophenolicacid",2,"10,40",2,2.2,"Immunosuppressants"
"Ciclosporin5Mycophenolicacid32","Ciclosporin,Mycophenolicacid",2,"5,32",21,2.21,"Immunosuppressants"
"Ciclosporin5Mycophenolicacid96","Ciclosporin,Mycophenolicacid",2,"5,96",22,2.22,"Immunosuppressants"
"Ciclosporin73Mycophenolicacid69","Ciclosporin,Mycophenolicacid",2,"73,69",23,2.23,"Immunosuppressants"
"Ciclosporin78Mycophenolicacid160","Ciclosporin,Mycophenolicacid",2,"78,160",25,2.25,"Immunosuppressants"
"Ciclosporin78Mycophenolicacid80","Ciclosporin,Mycophenolicacid",2,"78,80",26,2.26,"Immunosuppressants"
"Ciclosporin10Mycophenolicacid46","Ciclosporin,Mycophenolicacid",2,"10,46",3,2.3,"Immunosuppressants"
"Ciclosporin21Mycophenolicacid130","Ciclosporin,Mycophenolicacid",2,"21,130",6,2.6,"Immunosuppressants"
"Ciclosporin21Mycophenolicacid23","Ciclosporin,Mycophenolicacid",2,"21,23",7,2.7,"Immunosuppressants"
"Ciclosporin21Mycophenolicacid32","Ciclosporin,Mycophenolicacid",2,"21,32",8,2.8,"Immunosuppressants"
"Ciclosporin21Mycophenolicacid40","Ciclosporin,Mycophenolicacid",2,"21,40",9,2.9,"Immunosuppressants"
"Ciclosporin39Methotrexate10Mycophenolicacid130","Ciclosporin,Methotrexate,Mycophenolicacid",3,"39,10,130",11,3.11,"Immunosuppressants"
"Methotrexate10","Methotrexate",4,"10",1,4.1,"Immunosuppressants"
"Methotrexate0.56","Methotrexate",4,"0.56",27,4.27,"Immunosuppressants"
"Methotrexate11","Methotrexate",4,"11",29,4.29,"Immunosuppressants"
"Methotrexate1.1","Methotrexate",4,"1.1",30,4.3,"Immunosuppressants"
"Methotrexate12","Methotrexate",4,"12",31,4.31,"Immunosuppressants"
"Methotrexate15","Methotrexate",4,"15",32,4.32,"Immunosuppressants"
"Methotrexate22","Methotrexate",4,"22",33,4.33,"Immunosuppressants"
"Methotrexate23","Methotrexate",4,"23",34,4.34,"Immunosuppressants"
"Methotrexate3","Methotrexate",4,"3",35,4.35,"Immunosuppressants"
"Methotrexate30","Methotrexate",4,"30",36,4.36,"Immunosuppressants"
"Methotrexate31","Methotrexate",4,"31",37,4.37,"Immunosuppressants"
"Methotrexate36","Methotrexate",4,"36",38,4.38,"Immunosuppressants"
"Methotrexate37","Methotrexate",4,"37",39,4.39,"Immunosuppressants"
"Methotrexate20","Methotrexate",4,"20",4,4.4,"Immunosuppressants"
"Methotrexate4","Methotrexate",4,"4",40,4.4,"Immunosuppressants"
"Methotrexate43","Methotrexate",4,"43",41,4.41,"Immunosuppressants"
"Methotrexate44","Methotrexate",4,"44",42,4.42,"Immunosuppressants"
"Methotrexate47","Methotrexate",4,"47",43,4.43,"Immunosuppressants"
"Methotrexate49","Methotrexate",4,"49",44,4.44,"Immunosuppressants"
"Methotrexate50","Methotrexate",4,"50",45,4.45,"Immunosuppressants"
"Methotrexate54","Methotrexate",4,"54",46,4.46,"Immunosuppressants"
"Methotrexate56","Methotrexate",4,"56",47,4.47,"Immunosuppressants"
"Methotrexate60","Methotrexate",4,"60",48,4.48,"Immunosuppressants"
"Methotrexate83","Methotrexate",4,"83",49,4.49,"Immunosuppressants"
"Methotrexate21","Methotrexate",4,"21",5,4.5,"Immunosuppressants"
"Methotrexate10Mycophenolicacid130","Methotrexate,Mycophenolicacid",5,"10,130",28,5.28,"Immunosuppressants"
"Mycophenolicacid23","Mycophenolicacid",6,"23",34,6.34,"Immunosuppressants"
"Mycophenolicacid1000","Mycophenolicacid",6,"1000",50,6.5,"Immunosuppressants"
"Mycophenolicacid120","Mycophenolicacid",6,"120",51,6.51,"Immunosuppressants"
"Mycophenolicacid130","Mycophenolicacid",6,"130",53,6.53,"Immunosuppressants"
"Mycophenolicacid16","Mycophenolicacid",6,"16",54,6.54,"Immunosuppressants"
"Mycophenolicacid160","Mycophenolicacid",6,"160",55,6.55,"Immunosuppressants"
"Mycophenolicacid210","Mycophenolicacid",6,"210",56,6.56,"Immunosuppressants"
"Mycophenolicacid32","Mycophenolicacid",6,"32",57,6.57,"Immunosuppressants"
"Mycophenolicacid40","Mycophenolicacid",6,"40",61,6.61,"Immunosuppressants"
"Mycophenolicacid64","Mycophenolicacid",6,"64",63,6.63,"Immunosuppressants"
"Mycophenolicacid69","Mycophenolicacid",6,"69",64,6.64,"Immunosuppressants"
"Mycophenolicacid80","Mycophenolicacid",6,"80",65,6.65,"Immunosuppressants"
"Mycophenolicacid96","Mycophenolicacid",6,"96",66,6.66,"Immunosuppressants"
"Mycophenolicacid120Tacrolimus6","Mycophenolicacid,Tacrolimus",7,"120,6",52,7.52,"Immunosuppressants"
"Mycophenolicacid32Tacrolimus18","Mycophenolicacid,Tacrolimus",7,"32,18",58,7.58,"Immunosuppressants"
"Mycophenolicacid32Tacrolimus2","Mycophenolicacid,Tacrolimus",7,"32,2",59,7.59,"Immunosuppressants"
"Mycophenolicacid32Tacrolimus6","Mycophenolicacid,Tacrolimus",7,"32,6",60,7.6,"Immunosuppressants"
"Mycophenolicacid40Tacrolimus3","Mycophenolicacid,Tacrolimus",7,"40,3",62,7.62,"Immunosuppressants"
"Sodiumaurothiomalate39","Sodiumaurothiomalate",8,"39",10,8.1,"Immunosuppressants"
"Sodiumaurothiomalate4","Sodiumaurothiomalate",8,"4",40,8.4,"Immunosuppressants"
"Tacrolimus12","Tacrolimus",9,"12",31,9.31,"Immunosuppressants"
"Tacrolimus3","Tacrolimus",9,"3",35,9.35,"Immunosuppressants"
"Tacrolimus4","Tacrolimus",9,"4",40,9.4,"Immunosuppressants"
"Tacrolimus2","Tacrolimus",9,"2",67,9.67,"Immunosuppressants"
"Tacrolimus6","Tacrolimus",9,"6",68,9.68,"Immunosuppressants"
"Tacrolimus76","Tacrolimus",9,"76",69,9.69,"Immunosuppressants"
"Bumetanide1","Bumetanide",1,"1",1,1.1,"LoopDiuretics"
"Bumetanide1.5","Bumetanide",1,"1.5",2,1.2,"LoopDiuretics"
"Bumetanide44","Bumetanide",1,"44",20,1.2,"LoopDiuretics"
"Bumetanide5","Bumetanide",1,"5",21,1.21,"LoopDiuretics"
"Bumetanide51","Bumetanide",1,"51",22,1.22,"LoopDiuretics"
"Bumetanide59","Bumetanide",1,"59",24,1.24,"LoopDiuretics"
"Bumetanide6","Bumetanide",1,"6",25,1.25,"LoopDiuretics"
"Bumetanide65","Bumetanide",1,"65",26,1.26,"LoopDiuretics"
"Bumetanide67","Bumetanide",1,"67",27,1.27,"LoopDiuretics"
"Bumetanide72","Bumetanide",1,"72",29,1.29,"LoopDiuretics"
"Bumetanide2","Bumetanide",1,"2",3,1.3,"LoopDiuretics"
"Bumetanide7.5","Bumetanide",1,"7.5",31,1.31,"LoopDiuretics"
"Bumetanide9","Bumetanide",1,"9",32,1.32,"LoopDiuretics"
"Bumetanide25","Bumetanide",1,"25",4,1.4,"LoopDiuretics"
"Bumetanide3","Bumetanide",1,"3",6,1.6,"LoopDiuretics"
"Bumetanide33","Bumetanide",1,"33",7,1.7,"LoopDiuretics"
"Bumetanide36","Bumetanide",1,"36",8,1.8,"LoopDiuretics"
"Bumetanide38","Bumetanide",1,"38",9,1.9,"LoopDiuretics"
"Bumetanide3Furosemide18","Bumetanide,Furosemide",2,"3,18",10,2.1,"LoopDiuretics"
"Bumetanide3Furosemide33","Bumetanide,Furosemide",2,"3,33",11,2.11,"LoopDiuretics"
"Bumetanide3Furosemide35","Bumetanide,Furosemide",2,"3,35",12,2.12,"LoopDiuretics"
"Bumetanide3Furosemide43","Bumetanide,Furosemide",2,"3,43",13,2.13,"LoopDiuretics"
"Bumetanide3Furosemide5","Bumetanide,Furosemide",2,"3,5",14,2.14,"LoopDiuretics"
"Bumetanide3Furosemide51","Bumetanide,Furosemide",2,"3,51",15,2.15,"LoopDiuretics"
"Bumetanide3Furosemide70","Bumetanide,Furosemide",2,"3,70",16,2.16,"LoopDiuretics"
"Bumetanide3Furosemide77","Bumetanide,Furosemide",2,"3,77",17,2.17,"LoopDiuretics"
"Bumetanide3Furosemide87","Bumetanide,Furosemide",2,"3,87",18,2.18,"LoopDiuretics"
"Bumetanide51Furosemide35","Bumetanide,Furosemide",2,"51,35",23,2.23,"LoopDiuretics"
"Bumetanide67Furosemide35","Bumetanide,Furosemide",2,"67,35",28,2.28,"LoopDiuretics"
"Bumetanide72Furosemide35","Bumetanide,Furosemide",2,"72,35",30,2.3,"LoopDiuretics"
"Bumetanide9Furosemide35","Bumetanide,Furosemide",2,"9,35",33,2.33,"LoopDiuretics"
"Bumetanide25Furosemide35","Bumetanide,Furosemide",2,"25,35",5,2.5,"LoopDiuretics"
"Bumetanide3Torasemide66","Bumetanide,Torasemide",3,"3,66",19,3.19,"LoopDiuretics"
"Furosemide1","Furosemide",4,"1",1,4.1,"LoopDiuretics"
"Furosemide5","Furosemide",4,"5",21,4.21,"LoopDiuretics"
"Furosemide51","Furosemide",4,"51",22,4.22,"LoopDiuretics"
"Furosemide6","Furosemide",4,"6",25,4.25,"LoopDiuretics"
"Furosemide67","Furosemide",4,"67",27,4.27,"LoopDiuretics"
"Furosemide100","Furosemide",4,"100",34,4.34,"LoopDiuretics"
"Furosemide122","Furosemide",4,"122",35,4.35,"LoopDiuretics"
"Furosemide140","Furosemide",4,"140",36,4.36,"LoopDiuretics"
"Furosemide16","Furosemide",4,"16",37,4.37,"LoopDiuretics"
"Furosemide18","Furosemide",4,"18",38,4.38,"LoopDiuretics"
"Furosemide20","Furosemide",4,"20",39,4.39,"LoopDiuretics"
"Furosemide22","Furosemide",4,"22",40,4.4,"LoopDiuretics"
"Furosemide25","Furosemide",4,"25",4,4.4,"LoopDiuretics"
"Furosemide28","Furosemide",4,"28",41,4.41,"LoopDiuretics"
"Furosemide34","Furosemide",4,"34",42,4.42,"LoopDiuretics"
"Furosemide35","Furosemide",4,"35",43,4.43,"LoopDiuretics"
"Furosemide39","Furosemide",4,"39",44,4.44,"LoopDiuretics"
"Furosemide40","Furosemide",4,"40",45,4.45,"LoopDiuretics"
"Furosemide42","Furosemide",4,"42",46,4.46,"LoopDiuretics"
"Furosemide43","Furosemide",4,"43",47,4.47,"LoopDiuretics"
"Furosemide45","Furosemide",4,"45",48,4.48,"LoopDiuretics"
"Furosemide52","Furosemide",4,"52",49,4.49,"LoopDiuretics"
"Furosemide53","Furosemide",4,"53",50,4.5,"LoopDiuretics"
"Furosemide54","Furosemide",4,"54",51,4.51,"LoopDiuretics"
"Furosemide63","Furosemide",4,"63",52,4.52,"LoopDiuretics"
"Furosemide64","Furosemide",4,"64",53,4.53,"LoopDiuretics"
"Furosemide68","Furosemide",4,"68",54,4.54,"LoopDiuretics"
"Furosemide7","Furosemide",4,"7",55,4.55,"LoopDiuretics"
"Furosemide70","Furosemide",4,"70",56,4.56,"LoopDiuretics"
"Furosemide74","Furosemide",4,"74",57,4.57,"LoopDiuretics"
"Furosemide77","Furosemide",4,"77",58,4.58,"LoopDiuretics"
"Furosemide86","Furosemide",4,"86",59,4.59,"LoopDiuretics"
"Furosemide87","Furosemide",4,"87",60,4.6,"LoopDiuretics"
"Furosemide33","Furosemide",4,"33",7,4.7,"LoopDiuretics"
"Torasemide6","Torasemide",5,"6",25,5.25,"LoopDiuretics"
"Torasemide22","Torasemide",5,"22",40,5.4,"LoopDiuretics"
"Torasemide110","Torasemide",5,"110",61,5.61,"LoopDiuretics"
"Torasemide130","Torasemide",5,"130",62,5.62,"LoopDiuretics"
"Torasemide19","Torasemide",5,"19",63,5.63,"LoopDiuretics"
"Torasemide4","Torasemide",5,"4",64,5.64,"LoopDiuretics"
"Torasemide66","Torasemide",5,"66",65,5.65,"LoopDiuretics"
"Torasemide76","Torasemide",5,"76",66,5.66,"LoopDiuretics"
"Torasemide8","Torasemide",5,"8",67,5.67,"LoopDiuretics"
"Torasemide88","Torasemide",5,"88",68,5.68,"LoopDiuretics"
"Torasemide38","Torasemide",5,"38",9,5.9,"LoopDiuretics"
"Aceclofenac5","Aceclofenac",1,"5",1,1.1,"NSAID"
"Acemetacin46","Acemetacin",2,"46",2,2.2,"NSAID"
"Celecoxib5","Celecoxib",3,"5",1,3.1,"NSAID"
"Celecoxib19","Celecoxib",3,"19",3,3.3,"NSAID"
"Celecoxib19Ibuprofen36","Celecoxib,Ibuprofen",4,"19,36",4,4.4,"NSAID"
"Celecoxib5Diclofenac21","Celecoxib,Diclofenac",5,"5,21",5,5.5,"NSAID"
"Dexibuprofen58","Dexibuprofen",6,"58",6,6.6,"NSAID"
"Diclofenac20","Diclofenac",7,"20",10,7.1,"NSAID"
"Diclofenac5","Diclofenac",7,"5",1,7.1,"NSAID"
"Diclofenac21","Diclofenac",7,"21",11,7.11,"NSAID"
"Diclofenac32","Diclofenac",7,"32",13,7.13,"NSAID"
"Diclofenac39","Diclofenac",7,"39",14,7.14,"NSAID"
"Diclofenac42","Diclofenac",7,"42",19,7.19,"NSAID"
"Diclofenac49","Diclofenac",7,"49",20,7.2,"NSAID"
"Diclofenac52","Diclofenac",7,"52",32,7.32,"NSAID"
"Diclofenac63","Diclofenac",7,"63",34,7.34,"NSAID"
"Diclofenac74","Diclofenac",7,"74",35,7.35,"NSAID"
"Diclofenac78","Diclofenac",7,"78",36,7.36,"NSAID"
"Diclofenac94","Diclofenac",7,"94",37,7.37,"NSAID"
"Diclofenac98","Diclofenac",7,"98",38,7.38,"NSAID"
"Diclofenac58","Diclofenac",7,"58",6,7.6,"NSAID"
"Diclofenac120","Diclofenac",7,"120",7,7.7,"NSAID"
"Diclofenac160","Diclofenac",7,"160",9,7.9,"NSAID"
"Diclofenac39Ibuprofen19","Diclofenac,Ibuprofen",8,"39,19",15,8.15,"NSAID"
"Diclofenac39Ibuprofen36","Diclofenac,Ibuprofen",8,"39,36",16,8.16,"NSAID"
"Diclofenac49Ibuprofen110","Diclofenac,Ibuprofen",8,"49,110",23,8.23,"NSAID"
"Diclofenac49Ibuprofen140","Diclofenac,Ibuprofen",8,"49,140",24,8.24,"NSAID"
"Diclofenac49Ibuprofen36","Diclofenac,Ibuprofen",8,"49,36",25,8.25,"NSAID"
"Diclofenac5Ibuprofen36","Diclofenac,Ibuprofen",8,"5,36",33,8.33,"NSAID"
"Diclofenac120Ibuprofen36","Diclofenac,Ibuprofen",8,"120,36",8,8.8,"NSAID"
"Diclofenac21Naproxen40","Diclofenac,Naproxen",9,"21,40",12,9.12,"NSAID"
"Diclofenac39Naproxen23","Diclofenac,Naproxen",9,"39,23",17,9.17,"NSAID"
"Diclofenac39Naproxen40","Diclofenac,Naproxen",9,"39,40",18,9.18,"NSAID"
"Diclofenac49Naproxen23","Diclofenac,Naproxen",9,"49,23",28,9.28,"NSAID"
"Diclofenac49Naproxen46","Diclofenac,Naproxen",9,"49,46",29,9.29,"NSAID"
"Diclofenac49Naproxen69","Diclofenac,Naproxen",9,"49,69",30,9.3,"NSAID"
"Diclofenac49Naproxen80","Diclofenac,Naproxen",9,"49,80",31,9.31,"NSAID"
"Diclofenac98Naproxen80","Diclofenac,Naproxen",9,"98,80",39,9.39,"NSAID"
"Diclofenac49Doxycycline5","Diclofenac,Doxycycline",10,"49,5",21,10.21,"NSAID"
"Diclofenac49Etoricoxib7","Diclofenac,Etoricoxib",11,"49,7",22,11.22,"NSAID"
"Diclofenac49Indometacin120","Diclofenac,Indometacin",12,"49,120",26,12.26,"NSAID"
"Diclofenac49Meloxicam11","Diclofenac,Meloxicam",13,"49,11",27,13.27,"NSAID"
"Doxycycline5","Doxycycline",14,"5",1,14.1,"NSAID"
"Doxycycline39","Doxycycline",14,"39",14,14.14,"NSAID"
"Doxycycline10","Doxycycline",14,"10",40,14.4,"NSAID"
"Doxycycline35","Doxycycline",14,"35",41,14.41,"NSAID"
"Doxycycline7","Doxycycline",14,"7",48,14.48,"NSAID"
"Doxycycline35Naproxen80","Doxycycline,Naproxen",15,"35,80",42,15.42,"NSAID"
"Doxycycline5Naproxen40","Doxycycline,Naproxen",15,"5,40",45,15.45,"NSAID"
"Doxycycline5Naproxen23","Doxycycline,Naproxen",15,"5,23",46,15.46,"NSAID"
"Doxycycline5Ibuprofen36","Doxycycline,Ibuprofen",16,"5,36",33,16.33,"NSAID"
"Doxycycline5Ibuprofen140","Doxycycline,Ibuprofen",16,"5,140",43,16.43,"NSAID"
"Doxycycline5Indometacin58","Doxycycline,Indometacin",17,"5,58",44,17.44,"NSAID"
"Doxycycline5Nabumetone40","Doxycycline,Nabumetone",18,"5,40",45,18.45,"NSAID"
"Doxycycline5Tenoxicam18","Doxycycline,Tenoxicam",19,"5,18",47,19.47,"NSAID"
"Etodolac29","Etodolac",20,"29",49,20.49,"NSAID"
"Etodolac47","Etodolac",20,"47",50,20.5,"NSAID"
"Etoricoxib21","Etoricoxib",21,"21",11,21.11,"NSAID"
"Etoricoxib46","Etoricoxib",21,"46",2,21.2,"NSAID"
"Etoricoxib7","Etoricoxib",21,"7",48,21.48,"NSAID"
"Etoricoxib14","Etoricoxib",21,"14",51,21.51,"NSAID"
"Etoricoxib28","Etoricoxib",21,"28",52,21.52,"NSAID"
"Etoricoxib55","Etoricoxib",21,"55",53,21.53,"NSAID"
"Fenbufen29","Fenbufen",22,"29",49,22.49,"NSAID"
"Flurbiprofen5","Flurbiprofen",23,"5",1,23.1,"NSAID"
"Ibuprofen5","Ibuprofen",24,"5",1,24.1,"NSAID"
"Ibuprofen19","Ibuprofen",24,"19",3,24.3,"NSAID"
"Ibuprofen94","Ibuprofen",24,"94",37,24.37,"NSAID"
"Ibuprofen47","Ibuprofen",24,"47",50,24.5,"NSAID"
"Ibuprofen14","Ibuprofen",24,"14",51,24.51,"NSAID"
"Ibuprofen28","Ibuprofen",24,"28",52,24.52,"NSAID"
"Ibuprofen110","Ibuprofen",24,"110",54,24.54,"NSAID"
"Ibuprofen140","Ibuprofen",24,"140",56,24.56,"NSAID"
"Ibuprofen230","Ibuprofen",24,"230",58,24.58,"NSAID"
"Ibuprofen36","Ibuprofen",24,"36",60,24.6,"NSAID"
"Ibuprofen38","Ibuprofen",24,"38",68,24.68,"NSAID"
"Ibuprofen51","Ibuprofen",24,"51",69,24.69,"NSAID"
"Ibuprofen54","Ibuprofen",24,"54",70,24.7,"NSAID"
"Ibuprofen57","Ibuprofen",24,"57",72,24.72,"NSAID"
"Ibuprofen70","Ibuprofen",24,"70",73,24.73,"NSAID"
"Ibuprofen76","Ibuprofen",24,"76",74,24.74,"NSAID"
"Ibuprofen81","Ibuprofen",24,"81",75,24.75,"NSAID"
"Ibuprofen110Naproxen40","Ibuprofen,Naproxen",25,"110,40",55,25.55,"NSAID"
"Ibuprofen36Naproxen40","Ibuprofen,Naproxen",25,"36,40",63,25.63,"NSAID"
"Ibuprofen36Naproxen46","Ibuprofen,Naproxen",25,"36,46",64,25.64,"NSAID"
"Ibuprofen36Naproxen66","Ibuprofen,Naproxen",25,"36,66",65,25.65,"NSAID"
"Ibuprofen36Naproxen69","Ibuprofen,Naproxen",25,"36,69",66,25.66,"NSAID"
"Ibuprofen36Naproxen80","Ibuprofen,Naproxen",25,"36,80",67,25.67,"NSAID"
"Ibuprofen54Naproxen80","Ibuprofen,Naproxen",25,"54,80",71,25.71,"NSAID"
"Ibuprofen19Mefenamicacid40","Ibuprofen,Mefenamicacid",26,"19,40",57,26.57,"NSAID"
"Ibuprofen230Meloxicam11","Ibuprofen,Meloxicam",27,"230,11",59,27.59,"NSAID"
"Ibuprofen36Meloxicam11","Ibuprofen,Meloxicam",27,"36,11",62,27.62,"NSAID"
"Ibuprofen36Indometacin49","Ibuprofen,Indometacin",28,"36,49",61,28.61,"NSAID"
"Indometacin20","Indometacin",29,"20",10,29.1,"NSAID"
"Indometacin21","Indometacin",29,"21",11,29.11,"NSAID"
"Indometacin39","Indometacin",29,"39",14,29.14,"NSAID"
"Indometacin49","Indometacin",29,"49",20,29.2,"NSAID"
"Indometacin98","Indometacin",29,"98",38,29.38,"NSAID"
"Indometacin58","Indometacin",29,"58",6,29.6,"NSAID"
"Indometacin120","Indometacin",29,"120",7,29.7,"NSAID"
"Ketoprofen5","Ketoprofen",30,"5",1,30.1,"NSAID"
"Ketoprofen10","Ketoprofen",30,"10",40,30.4,"NSAID"
"Mefenamicacid23","Mefenamicacid",31,"23",76,31.76,"NSAID"
"Mefenamicacid40","Mefenamicacid",31,"40",77,31.77,"NSAID"
"Meloxicam11","Meloxicam",32,"11",78,32.78,"NSAID"
"Nabumetone40","Nabumetone",33,"40",77,33.77,"NSAID"
"Nabumetone80","Nabumetone",33,"80",80,33.8,"NSAID"
"Nabumetone40Naproxen40","Nabumetone,Naproxen",34,"40,40",79,34.79,"NSAID"
"Naproxen20","Naproxen",35,"20",10,35.1,"NSAID"
"Naproxen46","Naproxen",35,"46",2,35.2,"NSAID"
"Naproxen120","Naproxen",35,"120",7,35.7,"NSAID"
"Naproxen23","Naproxen",35,"23",76,35.76,"NSAID"
"Naproxen40","Naproxen",35,"40",77,35.77,"NSAID"
"Naproxen80","Naproxen",35,"80",80,35.8,"NSAID"
"Naproxen12","Naproxen",35,"12",81,35.81,"NSAID"
"Naproxen33","Naproxen",35,"33",82,35.82,"NSAID"
"Naproxen34","Naproxen",35,"34",83,35.83,"NSAID"
"Naproxen66","Naproxen",35,"66",84,35.84,"NSAID"
"Naproxen69","Naproxen",35,"69",85,35.85,"NSAID"
"Naproxen92","Naproxen",35,"92",86,35.86,"NSAID"
"Naproxen99","Naproxen",35,"99",87,35.87,"NSAID"
"Piroxicam18","Piroxicam",36,"18",88,36.88,"NSAID"
"Sulindac2.5","Sulindac",37,"2.5",89,37.89,"NSAID"
"Tenoxicam18","Tenoxicam",38,"18",88,38.88,"NSAID"
"TolfenamicAcid19","TolfenamicAcid",39,"19",3,39.3,"NSAID"
"LithiumSalts19","LithiumSalts",1,"19",1,1.1,"Othernephrotoxins"
"LithiumSalts69","LithiumSalts",1,"69",10,1.1,"Othernephrotoxins"
"LithiumSalts72","LithiumSalts",1,"72",11,1.11,"Othernephrotoxins"
"LithiumSalts74","LithiumSalts",1,"74",12,1.12,"Othernephrotoxins"
"LithiumSalts76","LithiumSalts",1,"76",13,1.13,"Othernephrotoxins"
"LithiumSalts78","LithiumSalts",1,"78",14,1.14,"Othernephrotoxins"
"LithiumSalts88","LithiumSalts",1,"88",15,1.15,"Othernephrotoxins"
"LithiumSalts95","LithiumSalts",1,"95",16,1.16,"Othernephrotoxins"
"LithiumSalts9.5","LithiumSalts",1,"9.5",17,1.17,"Othernephrotoxins"
"LithiumSalts23","LithiumSalts",1,"23",2,1.2,"Othernephrotoxins"
"LithiumSalts28","LithiumSalts",1,"28",3,1.3,"Othernephrotoxins"
"LithiumSalts36","LithiumSalts",1,"36",4,1.4,"Othernephrotoxins"
"LithiumSalts37","LithiumSalts",1,"37",5,1.5,"Othernephrotoxins"
"LithiumSalts38","LithiumSalts",1,"38",6,1.6,"Othernephrotoxins"
"LithiumSalts46","LithiumSalts",1,"46",7,1.7,"Othernephrotoxins"
"LithiumSalts53","LithiumSalts",1,"53",8,1.8,"Othernephrotoxins"
"LithiumSalts57","LithiumSalts",1,"57",9,1.9,"Othernephrotoxins"
